,,,,,Games,Games,Passing,Passing,Passing,Passing,Passing,Passing,Passing,Passing,Passing,Passing,Passing,Passing,-additional
Rk,Player,Tm,Age,Pos,G,GS,Cmp,Att,Yds,Sk,PktTime,Bltz,Hrry,Hits,Prss,Prss%▼,Scrm,Yds/Scr,-9999
1,Zach Wilson,NYJ,22,QB,13,13,213,383,2334,44,2.4,127,66,26,136,30.6%,17,10.5,WilsZa00
2,Sam Darnold,CAR,24,QB,12,11,243,406,2527,35,2.5,128,60,40,135,29.1%,23,8.1,DarnSa00
3,Teddy Bridgewater,DEN,29,QB,14,14,285,426,3052,31,2.5,118,64,42,137,29.0%,15,6.6,BridTe00
4,Matt Ryan,ATL,36,QB,17,17,375,560,3968,40,2.4,166,48,84,172,27.9%,16,4.9,RyanMa00
5,Justin Fields,CHI,22,QB,12,10,159,270,1870,36,2.4,96,29,31,96,27.3%,46,8.0,FielJu00
6,Russell Wilson*,SEA,33,QB,14,14,259,400,3113,33,2.4,113,48,42,123,27.0%,23,7.3,WilsRu00
7,Jacoby Brissett,MIA,29,qb,11,5,141,225,1283,19,2.5,62,26,24,69,26.8%,13,5.0,BrisJa00
8,Kirk Cousins*,MIN,33,QB,16,16,372,561,4221,28,2.4,168,68,65,161,26.6%,16,7.8,CousKi00
9,Jalen Hurts,PHI,23,QB,15,15,265,432,3144,26,2.7,124,76,32,134,26.4%,50,8.3,HurtJa00
10,Carson Wentz,IND,29,QB,17,17,322,516,3563,32,2.5,156,41,75,148,25.8%,26,7.1,WentCa00
11,Josh Allen,BUF,25,QB,17,17,409,646,4407,26,2.4,182,95,64,185,25.7%,48,9.6,AlleJo02
12,Taylor Heinicke,WAS,28,QB,16,15,321,494,3419,38,2.5,145,55,47,140,24.6%,38,7.1,HeinTa00
13,Jared Goff,DET,27,QB,14,14,332,494,3245,35,2.4,110,50,48,133,24.6%,11,6.1,GoffJa00
14,Joe Burrow,CIN,25,QB,16,16,366,520,4611,51,2.3,125,46,48,145,24.5%,21,5.4,BurrJo01
15,Ryan Tannehill,TEN,33,QB,17,17,357,531,3734,47,2.3,166,31,64,142,23.8%,19,10.5,TannRy00
16,Baker Mayfield,CLE,26,QB,14,14,253,418,3010,43,2.4,124,52,18,113,23.3%,25,5.2,MayfBa00
17,Daniel Jones,NYG,24,QB,11,11,232,361,2428,22,2.5,120,37,36,95,23.3%,24,6.4,JoneDa05
18,Trevor Lawrence,JAX,22,QB,17,17,359,602,3641,32,2.4,147,67,52,151,22.6%,33,7.3,LawrTr00
19,Lamar Jackson*,BAL,24,QB,12,12,246,382,2882,38,2.5,151,39,29,106,22.6%,49,8.0,JackLa00
20,Aaron Rodgers*+,GNB,38,QB,16,16,366,531,4115,30,2.2,135,59,40,129,22.3%,17,6.5,RodgAa00
21,Patrick Mahomes*,KAN,26,QB,17,17,436,658,4839,28,2.3,112,76,58,162,22.1%,46,8.7,MahoPa00
22,Derek Carr,LVR,30,QB,17,17,428,626,4804,40,2.5,167,58,48,146,21.4%,17,6.3,CarrDe02
23,Davis Mills,HOU,23,QB,13,11,263,394,2664,31,2.2,121,30,30,91,20.9%,10,4.2,MillDa02
24,Tua Tagovailoa,MIA,23,QB,13,12,263,388,2653,20,2.1,100,45,24,89,20.9%,18,6.9,TagoTu00
25,Kyler Murray*,ARI,24,QB,14,14,333,481,3787,31,2.3,108,68,13,112,20.7%,30,7.6,MurrKy00
26,Andy Dalton,CHI,34,qb,8,6,149,236,1515,18,2.2,92,23,13,54,20.3%,12,6.8,DaltAn00
27,Justin Herbert*,LAC,23,QB,17,17,443,672,5014,31,2.4,155,51,61,143,19.4%,36,7.8,HerbJu00
28,Dak Prescott,DAL,28,QB,16,16,410,596,4449,30,2.4,187,46,48,124,19.2%,20,6.4,PresDa01
29,Jimmy Garoppolo,SFO,30,QB,15,15,301,441,3810,29,2.3,100,24,36,89,18.7%,6,3.7,GaroJi00
30,Ben Roethlisberger,PIT,39,QB,16,16,390,605,3740,38,2.1,145,44,38,120,18.6%,3,6.0,RoetBe00
31,Mac Jones*,NWE,23,QB,17,17,352,521,3801,28,2.4,181,29,47,104,18.4%,15,7.1,JoneMa05
32,Matthew Stafford,LAR,33,QB,17,17,404,601,4886,30,2.4,137,32,42,104,16.3%,8,6.1,StafMa00
33,Tom Brady*,TAM,44,QB,17,17,485,719,5316,22,2.3,176,30,31,83,11.1%,10,7.6,BradTo00